Phone 2	Subscription Date
(422)787-2331x71127	2021-07-26
321.441.0588x6218	2021-06-24
001-680-204-8312	2020-04-05
048.779.5035x9122	2020-11-29
163-627-2565	2022-04-22
(751)980-3163	2021-11-17
(703)337-5903	2022-03-26
186.540.9690x605	2020-08-14
115-835-3840	2020-12-30
973-767-3611	2020-09-03
139.476.1068	2021-04-26
(065)075-0554	2022-01-19
092.364.7349x593	2022-04-18
001-477-254-3645	2021-03-06
(098)195-0840x79579	2022-01-30
5786415664	2020-05-30
274-147-4185x15182	2020-01-23
+1-875-299-7166	2021-07-27
155.433.4824x955	2022-04-11
001-305-038-6009	2020-09-11
(086)253-7505x70576	2020-01-04
(260)437-9972	2020-11-06
001-741-628-9295	2022-01-01
139-216-5379x6030	2022-02-28
343.078.5725x91296	2020-02-07
8018224814	2021-10-24
(756)521-2942	2020-07-02
(877)635-9717	2020-02-17
596.077.7972x616	2022-03-02
+1-579-640-2940x529	2021-09-04
+1-961-236-3156x46913	2021-11-04
1810375857	2021-05-06
+1-044-143-4194x927	2020-06-25
838-203-4008x6959	2021-05-06
+1-043-299-6429	2021-12-03
720-580-6452	2020-10-04
802.783.5805	2020-02-09
001-379-218-7545x445	2020-03-02
494.355.0333	2020-02-26
245.657.5660	2020-01-01
956-581-1775x97257	2021-12-19
724-324-0841x953	2020-11-01
(295)194-3972x6683	2021-04-11
001-155-646-7234x7293	2020-09-09
(626)644-4777x075	2020-08-16
(364)992-5769x31100	2022-03-05
001-221-413-5502x8170	2021-06-12
975.082.6989	2021-07-17
(338)636-4041x624	2020-03-22
254-202-1771x157	2022-01-04
001-573-469-2316x88660	2020-12-18
+1-591-072-9759	2021-04-27
629-157-7866x510	2022-05-06
914.608.3410	2020-11-13
788-075-3941	2020-07-21
862.271.5668x079	2021-12-22
429-441-8601x90778	2020-02-21
556.917.6571	2020-03-22
307-929-8469	2020-11-24
(101)040-3927x72927	2021-12-04
+1-006-698-5103x18954	2020-08-10
592-864-1515	2020-07-17
+1-646-938-3344	2020-11-25
6382043216	2022-03-04
(940)296-5518x52843	2021-05-20
001-665-608-1332x173	2021-01-10
5684199088	2021-03-27
(531)197-7502x296	2021-03-22
(875)766-9023x93863	2020-04-04
+1-562-845-1571x407	2020-07-15
(228)770-7282x399	2021-05-08
921-423-4267	2020-10-08
+1-119-081-0962	2020-10-01
(771)321-5148x65206	2022-01-04
(224)541-8166	2021-07-08
+1-061-038-8564x38648	2021-01-04
(374)551-8182	2021-07-04
+1-597-545-3394x14627	2022-03-20
861-632-4703	2021-10-11
496-950-6255x6485	2021-05-03
780-652-7678	2022-02-19
3949064205	2020-09-01
+1-034-164-6367	2020-01-31
+1-720-105-4622	2020-02-22
964.156.8431	2020-08-14
001-460-538-5514	2020-12-07
+1-697-878-1394x0986	2022-04-17
189-231-9202	2022-01-03
(654)079-1615x308	2021-02-13
518.056.2026x3841	2020-11-28
+1-853-024-8504x9171	2021-07-30
579.369.8654x99642	2021-12-01
258-909-0610x19885	2020-12-12
(718)053-0418x55398	2020-10-18
4793362473	2022-04-17
001-862-267-9112x298	2020-02-28
(873)535-8704x224	2020-08-21
(495)821-7527x0997	2022-02-18
512-677-4453	2020-04-06
(980)679-2739x5052	2020-04-13
(217)672-5187	2020-12-21
(902)779-2159	2021-03-27
096-472-7960	2020-09-23
+1-903-847-6126	2021-09-02
0548899247	2021-11-26
(695)869-8220x5302	2020-10-27
(652)438-6147x14235	2020-06-11
+1-136-145-9740	2022-05-19
169.970.3181x61782	2020-01-20
080-183-0876	2021-12-13
(852)503-0393	2022-03-19
791.705.8869x8446	2020-04-27
001-313-201-8886x4673	2021-12-10
(403)691-1260x8600	2020-10-31
898-071-0320	2021-07-14
001-221-490-9839	2021-01-12
182-704-5159	2020-04-19
(455)654-9609x106	2020-08-06
(687)196-0917x107	2020-10-21
001-837-267-0516x494	2020-06-15
522-300-7519	2021-07-21
+1-325-888-3720	2020-01-05
001-074-860-0123x871	2020-01-05
+1-641-277-2380x929	2021-12-18
+1-125-476-4258x7916	2021-05-28
001-735-509-2475x253	2020-10-23
265-023-7003x8576	2020-09-05
897-210-1544	2021-09-02
645-115-5094x48852	2021-11-24
+1-421-986-8630	2021-01-16
001-521-412-6549	2020-11-24
0680611865	2020-10-23
(184)344-7248x19327	2020-02-18
042.351.3763x69166	2022-01-12
829.885.1294x1602	2020-04-27
037.740.9639x58910	2021-09-26
811.101.1546x4553	2021-01-05
(085)671-9636	2021-10-15
001-461-762-8727x782	2021-08-03
001-151-172-1644x17265	2020-02-28
374-169-0130	2022-02-12
+1-626-898-1897x07198	2020-02-05
177-506-4872x0706	2020-10-02
022.714.1381	2021-12-07
709.104.3560x3025	2020-12-05
+1-745-549-7420x8738	2022-04-02
(984)148-8789x56784	2021-05-01
007.052.7419	2020-01-02
918-678-8947x2402	2021-11-25
001-778-496-2818	2021-02-02
+1-754-452-0484x99456	2020-12-07
7252325862	2020-05-12
(691)029-8963x661	2020-08-03
+1-792-359-6023x193	2020-12-27
+1-257-166-4605x483	2020-07-24
963-171-7611x3130	2021-12-10
(156)879-4115x02431	2020-05-24
(462)524-6561x80213	2020-11-13
588.449.6684x0997	2022-02-12
001-067-419-1179x906	2021-08-31
318-284-4049x757	2020-04-18
4689515577	2020-01-27
7489593796	2020-02-12
123-494-6576	2022-04-26
453.913.2252	2020-03-18
767-095-3136x4246	2020-04-28
+1-065-887-8300x640	2022-01-04
036.127.3806x095	2020-03-29
958-275-5610x2731	2020-05-26
(291)164-3457	2020-01-25
+1-831-346-8745x5416	2022-05-11
(664)428-0701x86584	2021-11-13
636-571-7207x09917	2022-04-14
+1-763-109-2966	2020-08-02
(583)251-6028x7609	2020-03-22
(265)906-6855x940	2021-11-01
874-048-2086	2020-07-07
760.299.1126	2020-10-14
(067)275-3333	2021-04-28
848-710-5884	2022-01-01
515.159.5884x6697	2022-05-24
054-725-7739	2020-04-05
281-559-9196	2020-09-27
8250158974	2020-03-06
(693)058-2300x4868	2021-10-16
(847)749-7663x8913	2021-11-19
001-254-122-8268x18631	2021-07-11
163-506-3864x03308	2021-07-22
1908305660	2020-07-17
001-296-402-9601x0673	2020-08-03
324.854.1698x74503	2020-06-28
+1-852-286-4065x987	2020-01-26
354.545.5420x0320	2021-01-18
+1-132-751-6285x2256	2022-05-17
(938)765-1789x50304	2022-02-05
006.480.2520x21666	2021-02-06
(552)005-7001x05902	2022-02-06
6232251109	2022-05-29
001-489-685-6257x790	2020-04-13
